Workbook

Sheet Calculator
B2: The-Honest-Bowl-Exact-Portion-Calculator-Workbook
B3: Exact Portion Calculator — Natural Feeding for Dogs
B5: HOW TO USE — Edit only the blue cells below (weight, life stage, meals per day). Everything else recalculates automatically. This is a starting point — fine-tune based on your dog's body condition over 2-3 weeks (see Chapter 2 of the guide).
B8: 1. YOUR DOG
B9: Dog's Weight (kg) | C9: 12
B10: Life Stage / Activity Level | C10: Adult - Normal Activity
B11: Meals per Day | C11: 2
B12: Manual Override — % of Body Weight
B14: 2. YOUR DOG'S DAILY PLAN
B15: Recommended % of Body Weight Used | C15: =IF(C12="",INDEX(Lookup!$B$2:$B$8,MATCH(C10,Lookup!$A$2:$A$8,0)),C12) -> 0.025
B16: Daily Food Total (grams) | C16: =C9*1000*C15 -> 300
B17: Per Meal (grams) | C17: =C16/C11 -> 150
B19: 3. BOWL BREAKDOWN (Chapter 4 ratio: 50 / 30 / 20)
B20: Component | C20: % of Bowl | D20: Grams / Day | E20: Grams / Meal
B21: Animal Protein | C21: 0.5 | D21: =C16*C21 -> 150 | E21: =C17*C21 -> 75
B22: Vegetables | C22: 0.3 | D22: =C16*C22 -> 90 | E22: =C17*C22 -> 45
B23: Carbohydrate | C23: 0.2 | D23: =C16*C23 -> 60 | E23: =C17*C23 -> 30
B25: ⚠ CALCIUM REMINDER — Add a calcium source (ground eggshell, bone meal, or a vet-approved supplement) to every main meal. This calculator does not include calcium dosing — see Chapter 2.2 and Chapter 4.4 of the guide for how to calculate it, or ask your veterinarian to confirm the amount for your dog.
B29: Canine Natural Nutrition — companion workbook to the Natural Feeding for Dogs guide

Sheet Lookup
A1: Life Stage / Activity Level | B1: Recommended % | C1: Notes
A2: Puppy - Growth | B2: 0.045 | C2: 4-5% range (Ch.2) — use higher end for very young / rapid growth
A3: Pregnant / Lactating / Very Active | B3: 0.05 | C3: Highest end of range — monitor body condition closely
A4: Adult - Sedentary / Overweight | B4: 0.0175 | C4: 1.5-2% range (Ch.2) — for weight management
A5: Adult - Normal Activity | B5: 0.025 | C5: 2-3% range (Ch.2) — typical healthy adult dog
A6: Adult - Active / Working | B6: 0.03 | C6: Top of the 2-3% range — high activity level
A7: Senior - Low Activity | B7: 0.0175 | C7: 1.5-2% range (Ch.2) — easily digestible, lower calorie
A8: Senior - Active | B8: 0.02 | C8: Still within senior range, more active seniors
A10: Source: Natural Feeding for Dogs — Chapter 2.5 (portion ranges) and Chapter 4.1 (bowl ratio).

Sheet Quick Reference
B2: QUICK REFERENCE — Daily Food Total (grams) by Weight & Life Stage
B3: All values calculated live from the Lookup sheet — for a precise, personalized result use the Calculator tab.
B5: Weight (kg) | C5: Puppy - Growth | D5: Adult - Sedentary / Overweight | E5: Adult - Normal Activity | F5: Adult - Active / Working | G5: Senior - Low Activity | H5: Senior - Active
B6: 2 | C6: =$B6*1000*INDEX(Lookup!$B$2:$B$8,MATCH("Puppy - Growth",Lookup!$A$2:$A$8,0)) -> 90 | D6: =$B6*1000*INDEX(Lookup!$B$2:$B$8,MATCH("Adult - Sedentary / Overweight",Lookup!$A$2:$A$8,0)) -> 35 | E6: =$B6*1000*INDEX(Lookup!$B$2:$B$8,MATCH("Adult - Normal Activity",Lookup!$A$2:$A$8,0)) -> 50 | F6: =$B6*1000*INDEX(Lookup!$B$2:$B$8,MATCH("Adult - Active / Working",Lookup!$A$2:$A$8,0)) -> 60 | G6: =$B6*1000*INDEX(Lookup!$B$2:$B$8,MATCH("Senior - Low Activity",Lookup!$A$2:$A$8,0)) -> 35 | H6: =$B6*1000*INDEX(Lookup!$B$2:$B$8,MATCH("Senior - Active",Lookup!$A$2:$A$8,0)) -> 40
B7: 5 | C7: =$B7*1000*INDEX(Lookup!$B$2:$B$8,MATCH("Puppy - Growth",Lookup!$A$2:$A$8,0)) -> 225 | D7: =$B7*1000*INDEX(Lookup!$B$2:$B$8,MATCH("Adult - Sedentary / Overweight",Lookup!$A$2:$A$8,0)) -> 87.5 | E7: =$B7*1000*INDEX(Lookup!$B$2:$B$8,MATCH("Adult - Normal Activity",Lookup!$A$2:$A$8,0)) -> 125 | F7: =$B7*1000*INDEX(Lookup!$B$2:$B$8,MATCH("Adult - Active / Working",Lookup!$A$2:$A$8,0)) -> 150 | G7: =$B7*1000*INDEX(Lookup!$B$2:$B$8,MATCH("Senior - Low Activity",Lookup!$A$2:$A$8,0)) -> 87.5 | H7: =$B7*1000*INDEX(Lookup!$B$2:$B$8,MATCH("Senior - Active",Lookup!$A$2:$A$8,0)) -> 100
B8: 8 | C8: =$B8*1000*INDEX(Lookup!$B$2:$B$8,MATCH("Puppy - Growth",Lookup!$A$2:$A$8,0)) -> 360 | D8: =$B8*1000*INDEX(Lookup!$B$2:$B$8,MATCH("Adult - Sedentary / Overweight",Lookup!$A$2:$A$8,0)) -> 140 | E8: =$B8*1000*INDEX(Lookup!$B$2:$B$8,MATCH("Adult - Normal Activity",Lookup!$A$2:$A$8,0)) -> 200 | F8: =$B8*1000*INDEX(Lookup!$B$2:$B$8,MATCH("Adult - Active / Working",Lookup!$A$2:$A$8,0)) -> 240 | G8: =$B8*1000*INDEX(Lookup!$B$2:$B$8,MATCH("Senior - Low Activity",Lookup!$A$2:$A$8,0)) -> 140 | H8: =$B8*1000*INDEX(Lookup!$B$2:$B$8,MATCH("Senior - Active",Lookup!$A$2:$A$8,0)) -> 160
B9: 10 | C9: =$B9*1000*INDEX(Lookup!$B$2:$B$8,MATCH("Puppy - Growth",Lookup!$A$2:$A$8,0)) -> 450 | D9: =$B9*1000*INDEX(Lookup!$B$2:$B$8,MATCH("Adult - Sedentary / Overweight",Lookup!$A$2:$A$8,0)) -> 175 | E9: =$B9*1000*INDEX(Lookup!$B$2:$B$8,MATCH("Adult - Normal Activity",Lookup!$A$2:$A$8,0)) -> 250 | F9: =$B9*1000*INDEX(Lookup!$B$2:$B$8,MATCH("Adult - Active / Working",Lookup!$A$2:$A$8,0)) -> 300 | G9: =$B9*1000*INDEX(Lookup!$B$2:$B$8,MATCH("Senior - Low Activity",Lookup!$A$2:$A$8,0)) -> 175 | H9: =$B9*1000*INDEX(Lookup!$B$2:$B$8,MATCH("Senior - Active",Lookup!$A$2:$A$8,0)) -> 200
B10: 12 | C10: =$B10*1000*INDEX(Lookup!$B$2:$B$8,MATCH("Puppy - Growth",Lookup!$A$2:$A$8,0)) -> 540 | D10: =$B10*1000*INDEX(Lookup!$B$2:$B$8,MATCH("Adult - Sedentary / Overweight",Lookup!$A$2:$A$8,0)) -> 210 | E10: =$B10*1000*INDEX(Lookup!$B$2:$B$8,MATCH("Adult - Normal Activity",Lookup!$A$2:$A$8,0)) -> 300 | F10: =$B10*1000*INDEX(Lookup!$B$2:$B$8,MATCH("Adult - Active / Working",Lookup!$A$2:$A$8,0)) -> 360 | G10: =$B10*1000*INDEX(Lookup!$B$2:$B$8,MATCH("Senior - Low Activity",Lookup!$A$2:$A$8,0)) -> 210 | H10: =$B10*1000*INDEX(Lookup!$B$2:$B$8,MATCH("Senior - Active",Lookup!$A$2:$A$8,0)) -> 240
B11: 15 | C11: =$B11*1000*INDEX(Lookup!$B$2:$B$8,MATCH("Puppy - Growth",Lookup!$A$2:$A$8,0)) -> 675 | D11: =$B11*1000*INDEX(Lookup!$B$2:$B$8,MATCH("Adult - Sedentary / Overweight",Lookup!$A$2:$A$8,0)) -> 262.5 | E11: =$B11*1000*INDEX(Lookup!$B$2:$B$8,MATCH("Adult - Normal Activity",Lookup!$A$2:$A$8,0)) -> 375 | F11: =$B11*1000*INDEX(Lookup!$B$2:$B$8,MATCH("Adult - Active / Working",Lookup!$A$2:$A$8,0)) -> 450 | G11: =$B11*1000*INDEX(Lookup!$B$2:$B$8,MATCH("Senior - Low Activity",Lookup!$A$2:$A$8,0)) -> 262.5 | H11: =$B11*1000*INDEX(Lookup!$B$2:$B$8,MATCH("Senior - Active",Lookup!$A$2:$A$8,0)) -> 300
B12: 18 | C12: =$B12*1000*INDEX(Lookup!$B$2:$B$8,MATCH("Puppy - Growth",Lookup!$A$2:$A$8,0)) -> 810 | D12: =$B12*1000*INDEX(Lookup!$B$2:$B$8,MATCH("Adult - Sedentary / Overweight",Lookup!$A$2:$A$8,0)) -> 315 | E12: =$B12*1000*INDEX(Lookup!$B$2:$B$8,MATCH("Adult - Normal Activity",Lookup!$A$2:$A$8,0)) -> 450 | F12: =$B12*1000*INDEX(Lookup!$B$2:$B$8,MATCH("Adult - Active / Working",Lookup!$A$2:$A$8,0)) -> 540 | G12: =$B12*1000*INDEX(Lookup!$B$2:$B$8,MATCH("Senior - Low Activity",Lookup!$A$2:$A$8,0)) -> 315 | H12: =$B12*1000*INDEX(Lookup!$B$2:$B$8,MATCH("Senior - Active",Lookup!$A$2:$A$8,0)) -> 360
B13: 20 | C13: =$B13*1000*INDEX(Lookup!$B$2:$B$8,MATCH("Puppy - Growth",Lookup!$A$2:$A$8,0)) -> 900 | D13: =$B13*1000*INDEX(Lookup!$B$2:$B$8,MATCH("Adult - Sedentary / Overweight",Lookup!$A$2:$A$8,0)) -> 350 | E13: =$B13*1000*INDEX(Lookup!$B$2:$B$8,MATCH("Adult - Normal Activity",Lookup!$A$2:$A$8,0)) -> 500 | F13: =$B13*1000*INDEX(Lookup!$B$2:$B$8,MATCH("Adult - Active / Working",Lookup!$A$2:$A$8,0)) -> 600 | G13: =$B13*1000*INDEX(Lookup!$B$2:$B$8,MATCH("Senior - Low Activity",Lookup!$A$2:$A$8,0)) -> 350 | H13: =$B13*1000*INDEX(Lookup!$B$2:$B$8,MATCH("Senior - Active",Lookup!$A$2:$A$8,0)) -> 400
B14: 25 | C14: =$B14*1000*INDEX(Lookup!$B$2:$B$8,MATCH("Puppy - Growth",Lookup!$A$2:$A$8,0)) -> 1125 | D14: =$B14*1000*INDEX(Lookup!$B$2:$B$8,MATCH("Adult - Sedentary / Overweight",Lookup!$A$2:$A$8,0)) -> 437.5 | E14: =$B14*1000*INDEX(Lookup!$B$2:$B$8,MATCH("Adult - Normal Activity",Lookup!$A$2:$A$8,0)) -> 625 | F14: =$B14*1000*INDEX(Lookup!$B$2:$B$8,MATCH("Adult - Active / Working",Lookup!$A$2:$A$8,0)) -> 750 | G14: =$B14*1000*INDEX(Lookup!$B$2:$B$8,MATCH("Senior - Low Activity",Lookup!$A$2:$A$8,0)) -> 437.5 | H14: =$B14*1000*INDEX(Lookup!$B$2:$B$8,MATCH("Senior - Active",Lookup!$A$2:$A$8,0)) -> 500
B15: 30 | C15: =$B15*1000*INDEX(Lookup!$B$2:$B$8,MATCH("Puppy - Growth",Lookup!$A$2:$A$8,0)) -> 1350 | D15: =$B15*1000*INDEX(Lookup!$B$2:$B$8,MATCH("Adult - Sedentary / Overweight",Lookup!$A$2:$A$8,0)) -> 525 | E15: =$B15*1000*INDEX(Lookup!$B$2:$B$8,MATCH("Adult - Normal Activity",Lookup!$A$2:$A$8,0)) -> 750 | F15: =$B15*1000*INDEX(Lookup!$B$2:$B$8,MATCH("Adult - Active / Working",Lookup!$A$2:$A$8,0)) -> 900 | G15: =$B15*1000*INDEX(Lookup!$B$2:$B$8,MATCH("Senior - Low Activity",Lookup!$A$2:$A$8,0)) -> 525 | H15: =$B15*1000*INDEX(Lookup!$B$2:$B$8,MATCH("Senior - Active",Lookup!$A$2:$A$8,0)) -> 600
B16: 35 | C16: =$B16*1000*INDEX(Lookup!$B$2:$B$8,MATCH("Puppy - Growth",Lookup!$A$2:$A$8,0)) -> 1575 | D16: =$B16*1000*INDEX(Lookup!$B$2:$B$8,MATCH("Adult - Sedentary / Overweight",Lookup!$A$2:$A$8,0)) -> 612.5 | E16: =$B16*1000*INDEX(Lookup!$B$2:$B$8,MATCH("Adult - Normal Activity",Lookup!$A$2:$A$8,0)) -> 875 | F16: =$B16*1000*INDEX(Lookup!$B$2:$B$8,MATCH("Adult - Active / Working",Lookup!$A$2:$A$8,0)) -> 1050 | G16: =$B16*1000*INDEX(Lookup!$B$2:$B$8,MATCH("Senior - Low Activity",Lookup!$A$2:$A$8,0)) -> 612.5 | H16: =$B16*1000*INDEX(Lookup!$B$2:$B$8,MATCH("Senior - Active",Lookup!$A$2:$A$8,0)) -> 700
B17: 40 | C17: =$B17*1000*INDEX(Lookup!$B$2:$B$8,MATCH("Puppy - Growth",Lookup!$A$2:$A$8,0)) -> 1800 | D17: =$B17*1000*INDEX(Lookup!$B$2:$B$8,MATCH("Adult - Sedentary / Overweight",Lookup!$A$2:$A$8,0)) -> 700 | E17: =$B17*1000*INDEX(Lookup!$B$2:$B$8,MATCH("Adult - Normal Activity",Lookup!$A$2:$A$8,0)) -> 1000 | F17: =$B17*1000*INDEX(Lookup!$B$2:$B$8,MATCH("Adult - Active / Working",Lookup!$A$2:$A$8,0)) -> 1200 | G17: =$B17*1000*INDEX(Lookup!$B$2:$B$8,MATCH("Senior - Low Activity",Lookup!$A$2:$A$8,0)) -> 700 | H17: =$B17*1000*INDEX(Lookup!$B$2:$B$8,MATCH("Senior - Active",Lookup!$A$2:$A$8,0)) -> 800
B19: companion workbook to the Natural Feeding for Dogs guide
